{
    "rdn_tsr": {
        "collect_coal": 0.022256944444444447,
        "collect_coal_2": 0.008680555555555556,
        "collect_coal_3": 0.001488095238095238,
        "collect_coal_4": 0.0016319444444444443,
        "collect_coal_5": 0.0,
        "collect_coal_6": 0.0,
        "collect_coal_7": 0.0,
        "collect_coal_8": 0.0,
        "collect_coal_9": 0.0,
        "collect_coal_10": 0.0,
        "collect_diamond": 0.0,
        "collect_diamond_2": 0.0,
        "collect_diamond_3": 0.0,
        "collect_diamond_4": 0.0,
        "collect_diamond_5": 0.0,
        "collect_diamond_6": 0.0,
        "collect_diamond_7": 0.0,
        "collect_diamond_8": 0.0,
        "collect_diamond_9": 0.0,
        "collect_diamond_10": 0.0,
        "collect_drink": 0.2924503968253968,
        "collect_drink_2": 0.18645299145299143,
        "collect_drink_3": 0.15427083333333333,
        "collect_drink_4": 0.08923611111111111,
        "collect_drink_5": 0.04897569444444444,
        "collect_drink_6": 0.02618551587301587,
        "collect_drink_7": 0.013888888888888888,
        "collect_drink_8": 0.01862323113207547,
        "collect_drink_9": 0.01314484126984127,
        "collect_drink_10": 0.0017361111111111112,
        "collect_iron": 0.0,
        "collect_iron_2": 0.0,
        "collect_iron_3": 0.0,
        "collect_iron_4": 0.0,
        "collect_iron_5": 0.0,
        "collect_iron_6": 0.0,
        "collect_iron_7": 0.0,
        "collect_iron_8": 0.0,
        "collect_iron_9": 0.0,
        "collect_iron_10": 0.0,
        "collect_stone": 0.0529861111111111,
        "collect_stone_2": 0.0465625,
        "collect_stone_3": 0.035257936507936516,
        "collect_stone_4": 0.022135416666666668,
        "collect_stone_5": 0.019690040650406502,
        "collect_stone_6": 0.003472222222222222,
        "collect_stone_7": 0.007894345238095237,
        "collect_stone_8": 0.005190342544617157,
        "collect_stone_9": 0.0034722222222222225,
        "collect_stone_10": 0.003368055555555555,
        "collect_wood": 0.5564596481162746,
        "collect_wood_2": 0.26862103174603175,
        "collect_wood_3": 0.1225545634920635,
        "collect_wood_4": 0.05621527777777779,
        "collect_wood_5": 0.020729166666666663,
        "collect_wood_6": 0.001736111111111111,
        "collect_wood_7": 0.0017361111111111112,
        "collect_wood_8": 0.0,
        "collect_wood_9": 0.0,
        "collect_wood_10": 0.0,
        "make_iron_pickaxe": 0.0,
        "make_iron_pickaxe_2": 0.0,
        "make_iron_pickaxe_3": 0.0,
        "make_iron_pickaxe_4": 0.0,
        "make_iron_pickaxe_5": 0.0,
        "make_iron_pickaxe_6": 0.0,
        "make_iron_pickaxe_7": 0.0,
        "make_iron_pickaxe_8": 0.0,
        "make_iron_pickaxe_9": 0.0,
        "make_iron_pickaxe_10": 0.0,
        "make_iron_sword": 0.0,
        "make_iron_sword_2": 0.0,
        "make_iron_sword_3": 0.0,
        "make_iron_sword_4": 0.0,
        "make_iron_sword_5": 0.0,
        "make_iron_sword_6": 0.0,
        "make_iron_sword_7": 0.0,
        "make_iron_sword_8": 0.0,
        "make_iron_sword_9": 0.0,
        "make_iron_sword_10": 0.0,
        "make_stone_pickaxe": 0.0017361111111111112,
        "make_stone_pickaxe_2": 0.0,
        "make_stone_pickaxe_3": 0.0,
        "make_stone_pickaxe_4": 0.0,
        "make_stone_pickaxe_5": 0.0,
        "make_stone_pickaxe_6": 0.0,
        "make_stone_pickaxe_7": 0.0,
        "make_stone_pickaxe_8": 0.0,
        "make_stone_pickaxe_9": 0.0,
        "make_stone_pickaxe_10": 0.0,
        "make_stone_sword": 0.0,
        "make_stone_sword_2": 0.0,
        "make_stone_sword_3": 0.0,
        "make_stone_sword_4": 0.0,
        "make_stone_sword_5": 0.0,
        "make_stone_sword_6": 0.0,
        "make_stone_sword_7": 0.0,
        "make_stone_sword_8": 0.0,
        "make_stone_sword_9": 0.0,
        "make_stone_sword_10": 0.0,
        "make_wood_pickaxe": 0.10270833333333333,
        "make_wood_pickaxe_2": 0.014548611111111111,
        "make_wood_pickaxe_3": 0.003472222222222222,
        "make_wood_pickaxe_4": 0.0,
        "make_wood_pickaxe_5": 0.0,
        "make_wood_pickaxe_6": 0.0,
        "make_wood_pickaxe_7": 0.0,
        "make_wood_pickaxe_8": 0.0,
        "make_wood_pickaxe_9": 0.0,
        "make_wood_pickaxe_10": 0.0,
        "make_wood_sword": 0.09201388888888888,
        "make_wood_sword_2": 0.0017361111111111112,
        "make_wood_sword_3": 0.0,
        "make_wood_sword_4": 0.0,
        "make_wood_sword_5": 0.0,
        "make_wood_sword_6": 0.0,
        "make_wood_sword_7": 0.0,
        "make_wood_sword_8": 0.0,
        "make_wood_sword_9": 0.0,
        "make_wood_sword_10": 0.0,
        "place_furnace": 0.0034722222222222225,
        "place_furnace_2": 0.0,
        "place_furnace_3": 0.0,
        "place_furnace_4": 0.0,
        "place_furnace_5": 0.0,
        "place_furnace_6": 0.0,
        "place_furnace_7": 0.0,
        "place_furnace_8": 0.0,
        "place_furnace_9": 0.0,
        "place_furnace_10": 0.0,
        "place_stone": 0.059670138888888884,
        "place_stone_2": 0.04486111111111111,
        "place_stone_3": 0.02399305555555556,
        "place_stone_4": 0.009114583333333334,
        "place_stone_5": 0.019570932539682534,
        "place_stone_6": 0.0017361111111111112,
        "place_stone_7": 0.0017361111111111112,
        "place_stone_8": 0.00634424603174603,
        "place_stone_9": 0.004464285714285714,
        "place_stone_10": 0.0,
        "place_table": 0.35215139642354837,
        "place_table_2": 0.04340277777777778,
        "place_table_3": 0.003472222222222222,
        "place_table_4": 0.0,
        "place_table_5": 0.0,
        "place_table_6": 0.0,
        "place_table_7": 0.0,
        "place_table_8": 0.0,
        "place_table_9": 0.0,
        "place_table_10": 0.0,
        "collect_coal__and__collect_diamond": 0.0,
        "collect_coal__and__collect_drink": 0.003454324169530355,
        "collect_coal__and__collect_iron": 0.0,
        "collect_coal__and__collect_stone": 0.012584325396825396,
        "collect_coal__and__collect_wood": 0.005208333333333333,
        "collect_coal__and__make_iron_pickaxe": 0.0,
        "collect_coal__and__make_iron_sword": 0.0,
        "collect_coal__and__make_stone_pickaxe": 0.0,
        "collect_coal__and__make_stone_sword": 0.0,
        "collect_coal__and__make_wood_pickaxe": 0.0,
        "collect_coal__and__make_wood_sword": 0.003368055555555555,
        "collect_coal__and__place_furnace": 0.005095171272308578,
        "collect_coal__and__place_stone": 0.021701388888888888,
        "collect_coal__and__place_table": 0.001736111111111111,
        "collect_diamond__and__collect_drink": 0.0,
        "collect_diamond__and__collect_iron": 0.0,
        "collect_diamond__and__collect_stone": 0.0,
        "collect_diamond__and__collect_wood": 0.0,
        "collect_diamond__and__make_iron_pickaxe": 0.0,
        "collect_diamond__and__make_iron_sword": 0.0,
        "collect_diamond__and__make_stone_pickaxe": 0.0,
        "collect_diamond__and__make_stone_sword": 0.0,
        "collect_diamond__and__make_wood_pickaxe": 0.0,
        "collect_diamond__and__make_wood_sword": 0.0,
        "collect_diamond__and__place_furnace": 0.0,
        "collect_diamond__and__place_stone": 0.0,
        "collect_diamond__and__place_table": 0.0,
        "collect_drink__and__collect_iron": 0.0,
        "collect_drink__and__collect_stone": 0.007378472222222223,
        "collect_drink__and__collect_wood": 0.1170138888888889,
        "collect_drink__and__make_iron_pickaxe": 0.0,
        "collect_drink__and__make_iron_sword": 0.0,
        "collect_drink__and__make_stone_pickaxe": 0.0,
        "collect_drink__and__make_stone_sword": 0.0,
        "collect_drink__and__make_wood_pickaxe": 0.022361111111111113,
        "collect_drink__and__make_wood_sword": 0.027361111111111114,
        "collect_drink__and__place_furnace": 0.0,
        "collect_drink__and__place_stone": 0.0048784722222222215,